Row Labels,Average of average
1,0.342583497
2,0.355731225
3,0.387387387
4,0.611111111
5,0.6
6,0.166666667
8,0.75
Grand Total,0.344387289
